{"cameraMode":{"drawMode":0,"name":"Shaded","section":"Shading Mode"},"sceneLighting":true,"audioPlay":false,"sceneViewState":{"m_AlwaysRefresh":false,"showFog":true,"showSkybox":true,"showFlares":true,"showImageEffects":true,"showParticleSystems":true,"showVisualEffectGraphs":true,"m_FxEnabled":true},"in2DMode":false,"pivot":{"x":-2.9253718852996828,"y":1.2257561683654786,"z":-2.166105031967163},"rotation":{"x":-0.16037675738334657,"y":-0.5241103172302246,"z":0.10123131424188614,"w":-0.8302608728408814},"size":0.14462797343730927,"orthographic":false}