{"cameraMode":{"drawMode":0,"name":"Shaded","section":"Shading Mode"},"sceneLighting":true,"audioPlay":false,"sceneViewState":{"m_AlwaysRefresh":false,"showFog":true,"showSkybox":true,"showFlares":true,"showImageEffects":true,"showParticleSystems":true,"showVisualEffectGraphs":true,"m_FxEnabled":true},"in2DMode":false,"pivot":{"x":22.740718841552736,"y":-15.88076114654541,"z":0.8040342926979065},"rotation":{"x":-0.13768982887268067,"y":-0.7984024882316589,"z":0.19945983588695527,"w":-0.5511658787727356},"size":23.098691940307618,"orthographic":false}